{
  "background_u_index": 0,
  "background_v_index": 0,
  "category": "minejago:support",
  "description": "book.minejago.wiki.support.contact.description",
  "hide_while_locked": false,
  "icon": {
    "item": "minecraft:goat_horn"
  },
  "name": "book.minejago.wiki.support.contact.name",
  "pages": [
    {
      "type": "modonomicon:image",
      "anchor": "",
      "border": true,
      "condition": {
        "type": "modonomicon:none"
      },
      "images": [
        "minejago:textures/modonomicon/wiki/support/contact/discord.png"
      ],
      "text": "book.minejago.wiki.support.contact.discord.text",
      "title": "book.minejago.wiki.support.contact.discord.title"
    },
    {
      "type": "modonomicon:text",
      "anchor": "",
      "condition": {
        "type": "modonomicon:none"
      },
      "show_title_separator": true,
      "text": "book.minejago.wiki.support.contact.online_wiki.text",
      "title": "book.minejago.wiki.support.contact.online_wiki.title",
      "use_markdown_in_title": false
    },
    {
      "type": "modonomicon:image",
      "anchor": "",
      "border": true,
      "condition": {
        "type": "modonomicon:none"
      },
      "images": [
        "minejago:textures/modonomicon/wiki/support/contact/github.png"
      ],
      "text": "book.minejago.wiki.support.contact.github.text",
      "title": "book.minejago.wiki.support.contact.github.title"
    },
    {
      "type": "modonomicon:image",
      "anchor": "",
      "border": true,
      "condition": {
        "type": "modonomicon:none"
      },
      "images": [
        "minejago:textures/modonomicon/wiki/support/contact/modrinth.png",
        "minejago:textures/modonomicon/wiki/support/contact/curseforge.png"
      ],
      "text": "book.minejago.wiki.support.contact.mod_pages.text",
      "title": "book.minejago.wiki.support.contact.mod_pages.title"
    }
  ],
  "show_when_any_parent_unlocked": false,
  "sort_number": 0,
  "x": 0,
  "y": 0
}