{
  "background_u_index": 0,
  "background_v_index": 0,
  "category": "minejago:support",
  "description": "book.minejago.wiki.support.donate.description",
  "hide_while_locked": false,
  "icon": {
    "item": "minecraft:emerald"
  },
  "name": "book.minejago.wiki.support.donate.name",
  "pages": [
    {
      "type": "modonomicon:image",
      "anchor": "",
      "border": true,
      "condition": {
        "type": "modonomicon:none"
      },
      "images": [
        "minejago:textures/modonomicon/wiki/support/donate/buy_me_a_coffee.png"
      ],
      "text": "",
      "title": ""
    },
    {
      "type": "modonomicon:text",
      "anchor": "",
      "condition": {
        "type": "modonomicon:none"
      },
      "show_title_separator": true,
      "text": "book.minejago.wiki.support.donate.link.text",
      "title": "book.minejago.wiki.support.donate.link.title",
      "use_markdown_in_title": false
    }
  ],
  "show_when_any_parent_unlocked": false,
  "sort_number": 1,
  "x": 0,
  "y": 0
}