{
  "background": "modonomicon:textures/gui/dark_slate_seamless.png",
  "background_height": 512,
  "background_parallax_layers": [],
  "background_texture_zoom_multiplier": 1.0,
  "background_width": 512,
  "description": "book.minejago.wiki.compat.description",
  "display_mode": "index",
  "entry_textures": "modonomicon:textures/gui/entry_textures.png",
  "icon": {
    "item": "minejago:scythe_of_quakes"
  },
  "name": "book.minejago.wiki.compat.name",
  "show_category_button": true,
  "sort_number": 0
}