{
  "background_u_index": 0,
  "background_v_index": 0,
  "category": "minejago:compat",
  "description": "book.minejago.wiki.compat.visual.description",
  "hide_while_locked": false,
  "icon": {
    "item": "minecraft:spyglass"
  },
  "name": "book.minejago.wiki.compat.visual.name",
  "pages": [
    {
      "type": "modonomicon:text",
      "anchor": "",
      "condition": {
        "type": "modonomicon:none"
      },
      "show_title_separator": true,
      "text": "book.minejago.wiki.compat.visual.text.text",
      "title": "book.minejago.wiki.compat.visual.text.title",
      "use_markdown_in_title": false
    },
    {
      "type": "modonomicon:image",
      "anchor": "",
      "border": true,
      "condition": {
        "type": "modonomicon:none"
      },
      "images": [
        "minejago:textures/modonomicon/wiki/compat/visual/playeranimator.png"
      ],
      "text": "book.minejago.wiki.compat.visual.image.text",
      "title": ""
    }
  ],
  "show_when_any_parent_unlocked": false,
  "sort_number": 0,
  "x": 0,
  "y": 0
}