{
  "background_u_index": 0,
  "background_v_index": 0,
  "category": "minejago:expansions",
  "description": "pack.minejago.immersion.description",
  "hide_while_locked": false,
  "icon": {
    "item": "minecraft:note_block"
  },
  "name": "pack.minejago.immersion.name",
  "pages": [
    {
      "type": "modonomicon:text",
      "anchor": "",
      "condition": {
        "type": "modonomicon:none"
      },
      "show_title_separator": true,
      "text": "book.minejago.wiki.expansions.immersion_pack.summary_text.text",
      "title": "pack.minejago.immersion.name",
      "use_markdown_in_title": false
    },
    {
      "type": "modonomicon:image",
      "anchor": "",
      "border": true,
      "condition": {
        "type": "modonomicon:none"
      },
      "images": [
        "minejago:textures/modonomicon/wiki/expansions/immersion_pack/drum_scene.png"
      ],
      "text": "book.minejago.wiki.expansions.immersion_pack.summary_image.text",
      "title": ""
    }
  ],
  "show_when_any_parent_unlocked": false,
  "sort_number": 0,
  "x": 0,
  "y": 0
}