{
  "background_u_index": 0,
  "background_v_index": 0,
  "category": "minejago:expansions",
  "description": "pack.minejago.potion_pot.description",
  "hide_while_locked": false,
  "icon": {
    "item": "minejago:filled_teacup"
  },
  "name": "pack.minejago.potion_pot.name",
  "pages": [
    {
      "type": "modonomicon:text",
      "anchor": "",
      "condition": {
        "type": "modonomicon:none"
      },
      "show_title_separator": true,
      "text": "book.minejago.wiki.expansions.potion_pot.summary_text.text",
      "title": "pack.minejago.potion_pot.name",
      "use_markdown_in_title": false
    },
    {
      "type": "modonomicon:image",
      "anchor": "",
      "border": true,
      "condition": {
        "type": "modonomicon:none"
      },
      "images": [
        "minejago:textures/modonomicon/wiki/expansions/potion_pot_pack/regeneration_pot.png"
      ],
      "text": "",
      "title": ""
    }
  ],
  "show_when_any_parent_unlocked": false,
  "sort_number": 1,
  "x": 0,
  "y": 0
}