{
  "auto_add_read_conditions": false,
  "book_content_texture": "modonomicon:textures/gui/book_content.png",
  "book_overview_texture": "modonomicon:textures/gui/book_overview.png",
  "book_text_offset_width": 0,
  "book_text_offset_x": 0,
  "book_text_offset_y": 0,
  "bottom_frame_overlay": {
    "frame_height": 8,
    "frame_width": 72,
    "frame_x_offset": 0,
    "frame_y_offset": -4,
    "texture": "modonomicon:textures/gui/book_frame_bottom_overlay.png",
    "texture_height": 256,
    "texture_width": 256
  },
  "category_button_icon_scale": 1.0,
  "category_button_x_offset": 0,
  "category_button_y_offset": 0,
  "crafting_texture": "modonomicon:textures/gui/crafting_textures.png",
  "creative_tab": "minejago:minejago",
  "default_title_color": 0,
  "description": "book.minejago.wiki.description",
  "display_mode": "index",
  "font": "modonomicon:default",
  "frame_texture": "modonomicon:textures/gui/book_frame.png",
  "generate_book_item": true,
  "left_frame_overlay": {
    "frame_height": 70,
    "frame_width": 7,
    "frame_x_offset": 3,
    "frame_y_offset": 0,
    "texture": "modonomicon:textures/gui/book_frame_left_overlay.png",
    "texture_height": 256,
    "texture_width": 256
  },
  "model": "modonomicon:modonomicon_red",
  "name": "book.minejago.wiki.name",
  "page_display_mode": "double_page",
  "read_all_button_y_offset": 0,
  "right_frame_overlay": {
    "frame_height": 70,
    "frame_width": 8,
    "frame_x_offset": -4,
    "frame_y_offset": 0,
    "texture": "modonomicon:textures/gui/book_frame_right_overlay.png",
    "texture_height": 256,
    "texture_width": 256
  },
  "search_button_x_offset": 0,
  "search_button_y_offset": 0,
  "single_page_texture": "modonomicon:textures/gui/single_page_entry.png",
  "tooltip": "book.minejago.wiki.tooltip",
  "top_frame_overlay": {
    "frame_height": 7,
    "frame_width": 72,
    "frame_x_offset": 0,
    "frame_y_offset": 4,
    "texture": "modonomicon:textures/gui/book_frame_top_overlay.png",
    "texture_height": 256,
    "texture_width": 256
  }
}